id,content
1,"To create an account, click on the 'Sign Up' button on the top right corner of our website and follow the instructions to complete the registration process."
2,"We accept major credit cards, debit cards, and PayPal as payment methods for online orders."
3,"You can track your order by logging into your account and navigating to the 'Order History' section. There, you will find the tracking information for your shipment."
4,"Our return policy allows you to return products within 30 days of purchase for a full refund, provided they are in their original condition and packaging. Please refer to our Returns page for detailed instructions."
5,"You can cancel your order if it has not been shipped yet. Please contact our customer support team with your order details, and we will assist you with the cancellation process."
6,"Shipping times vary depending on the destination and the shipping method chosen. Standard shipping usually takes 3-5 business days, while express shipping can take 1-2 business days."
7,"Yes, we offer international shipping to select countries. The availability and shipping costs will be calculated during the checkout process based on your location."
8,"If your package is lost or damaged during transit, please contact our customer support team immediately. We will initiate an investigation and take the necessary steps to resolve the issue."
9,"If you need to change your shipping address, please contact our customer support team as soon as possible. We will do our best to update the address if the order has not been shipped yet."
10,You can contact our customer support team by phone at [phone number] or by email at [email address]. Our team is available [working hours] to assist you with any inquiries or issues you may have.
11,"Yes, we offer gift wrapping services for an additional fee. During the checkout process, you can select the option to add gift wrapping to your order."
12,We have a price matching policy where we will match the price of an identical product found on a competitor's website. Please contact our customer support team with the details of the product and the competitor's offer.
13,"Unfortunately, we do not accept orders over the phone. Please place your order through our website for a smooth and secure transaction."
14,"Yes, we take the security of your personal and payment details seriously. We use industry-standard encryption and follow strict security protocols to ensure your information is protected."
15,"If a product you purchased goes on sale within 7 days of your purchase, we offer a one-time price adjustment. Please contact our customer support team with your order details to request the adjustment."
16,"Yes, we have a loyalty program where you can earn points for every purchase. These points can be redeemed for discounts on future orders. Please visit our website to learn more and join the program."
17,"Yes, you can place an order as a guest without creating an account. However, creating an account offers benefits such as order tracking and easier future purchases."
18,"Yes, we offer bulk or wholesale discounts for certain products. Please contact our customer support team or visit our Wholesale page for more information and to discuss your specific requirements."
19,"If you need to change or cancel an item in your order, please contact our customer support team as soon as possible. We will assist you with the necessary steps."
20,"To leave a product review, navigate to the product page on our website and click on the 'Write a Review' button. You can share your feedback and rating based on your experience with the product."
21,"Usually, only one promo code can be applied per order. During the checkout process, enter the promo code in the designated field to apply the discount to your order."
22,"If you receive the wrong item in your order, please contact our customer support team immediately. We will arrange for the correct item to be shipped to you and assist with returning the wrong item."
23,"Yes, we offer expedited shipping options for faster delivery. During the checkout process, you can select the desired expedited shipping method."
24,"If a product is currently out of stock, you will usually see an option to sign up for product notifications. This way, you will be alerted when the product becomes available again."
25,"Our email newsletter provides updates on new product releases, exclusive offers, and helpful tips related to our products. You can subscribe to our newsletter on our website."
26,"Yes, you can return a product if you changed your mind. Please ensure the product is in its original condition and packaging, and refer to our return policy for instructions."
27,"Yes, we offer live chat support on our website during our business hours. Look for the chat icon in the bottom right corner to initiate a chat with our customer support team."
28,"Yes, you can order a product as a gift and have it shipped directly to the recipient. During the checkout process, you can enter the recipient's shipping address."
29,"If your discount code is not working, please double-check the terms and conditions associated with the code. If the issue persists, contact our customer support team for assistance."
30,Final sale items are usually non-returnable and non-refundable. Please review the product description or contact our customer support team to confirm the return eligibility for specific items.
31,Installation services are available for select products. Please check the product description or contact our customer support team for more information and to request installation services.
32,Discontinued products are no longer available for purchase. We recommend exploring alternative products on our website.
33,A receipt or proof of purchase is usually required for returns. Please refer to our return policy or contact our customer support team for assistance.
34,"Yes, we offer international shipping to select countries. Please review the available shipping destinations during checkout or contact our customer support for assistance."
35,"Yes, you can add a gift message during the checkout process. There is usually a section where you can enter your personalized message."
36,"We do not currently offer product demonstrations before purchase. However, you can find detailed product descriptions, specifications, and customer reviews on our website."
37,Products listed as 'coming soon' are not available for immediate purchase. Please sign up for notifications to be informed when the product becomes available.
38,"Yes, an invoice is usually included with your order. If you require a separate invoice, please contact our customer support team with your order details."
39,'Limited edition' products may have restricted availability. We recommend placing an order as soon as possible to secure your item.
40,"While returning a product in its original packaging is preferred, you can still initiate a return without it. Contact our customer support team for guidance in such cases."
41,"We do not offer reservations for out-of-stock products. However, you can sign up for product notifications to be alerted when it becomes available again."
42,"Yes, you can place an order with a mix of pre-order and in-stock items. However, please note that the entire order will be shipped once all items are available."
43,"If your product was damaged during shipping, please contact our customer support team immediately. We will guide you through the return and replacement process."
44,We strive to restock popular products whenever possible. Please sign up for product notifications to be informed when the item becomes available again.
45,Products listed as 'backordered' are temporarily out of stock but can still be ordered. Your order will be fulfilled once the product is restocked.
46,"Yes, you can return a product purchased during a sale or with a discount. The refund will be processed based on the amount paid after the discount."
47,"If you receive a damaged product, please contact our customer support team immediately. We will assist you with the necessary steps for repair or replacement."
48,"If a product is available for pre-order, you can place an order to secure your item. The product will be shipped once it becomes available."
49,"Yes, you can return a product purchased as a gift. However, refunds will typically be issued to the original payment method used for the purchase."
50,"Unfortunately, if a product is listed as 'discontinued,' it is no longer available for purchase. We recommend exploring alternative products on our website."
51,"If a product is listed as 'sold out,' it is currently unavailable for purchase. Please check back later or sign up for notifications when it becomes available again."
52,"Yes, you can return a product purchased with a gift card. The refund will be issued in the form of store credit or a new gift card."
53,"If a product is not available in your size, it may be temporarily out of stock. Please check back later or sign up for size notifications."
54,"If a product is listed as 'coming soon' and available for pre-order, you can place an order to secure your item before it becomes available."
55,"Yes, you can return a product purchased with a discount code. The refund will be processed based on the amount paid after the discount."
56,We do not currently offer custom orders or personalized products. Please explore the available products on our website.
57,"If a product is listed as 'temporarily unavailable,' it is out of stock but may be restocked in the future. Please check back later or sign up for notifications."
58,Our return policy generally covers products that are defective or damaged upon arrival. Damage due to improper use may not be eligible for a return. Please contact our customer support team for assistance.
59,"If a product is listed as 'coming soon' but not available for pre-order, you will need to wait until it is officially released and becomes available for purchase."
60,"If a product is listed as 'on hold,' it is temporarily unavailable for purchase. Please check back later or sign up for notifications when it becomes available."
61,"While a receipt is preferred for returns, we may be able to assist you without it. Please contact our customer support team for further guidance."
62,"Once a limited edition product is sold out, it may not be restocked. Limited edition items are available for a limited time only, so we recommend purchasing them while they are available."
63,"If a product is listed as 'discontinued' but still visible on the website, it may be an error. Please contact our customer support team for clarification."
64,Clearance or final sale items are typically non-returnable and non-refundable. Please review the product description or contact our customer support team for more information.
65,"If a product is not listed on our website, it may not be available for purchase. We recommend exploring the available products or contacting our customer support team for further assistance."
66,"If a product is listed as 'out of stock' but available for backorder, you can place an order to secure your item. The product will be shipped once it becomes available."
67,"If a product was purchased as part of a bundle or set, the return policy may vary. Please refer to the specific terms and conditions or contact our customer support team for further guidance."
68,We aim to restock popular products whenever possible. Please sign up for product notifications to be alerted when the item becomes available again.
69,"If a product is listed as 'coming soon' and available for pre-order, you can place an order to secure your item before it becomes available."
70,"If your product was damaged due to mishandling during shipping, please contact our customer support team immediately. We will assist you with the necessary steps for return and replacement."
71,"We do not offer reservations for out-of-stock products. However, you can sign up for product notifications to be alerted when the item becomes available again."
72,"If a product is listed as 'pre-order' and available for backorder, you can place an order to secure your item. The product will be shipped once it becomes available."
73,"Yes, you can return a product purchased with store credit. The refund will be issued in the form of store credit, which you can use for future purchases."
74,We strive to restock popular products whenever possible. Please sign up for product notifications to be informed when the item becomes available again.
75,"If a product is listed as 'sold out' but available for pre-order, you can place an order to secure your item. The product will be shipped once it becomes available."
76,"Yes, you can return a product purchased with a promotional gift card. The refund will be issued in the form of store credit or a new gift card."
77,"If a product is not available in your preferred color, it may be temporarily out of stock. Please check back later or sign up for color notifications."
78,"If a product is listed as 'coming soon' but not available for pre-order, you will need to wait until it is officially released and becomes available for purchase."
79,"Yes, you can return a product purchased during a promotional event. The refund will be processed based on the amount paid after any applicable discounts."
